DATE,US100NUM,US13NUM,US31NUM,US115NUM,USG15NUM,US100NIM,US13NIM,US31NIM,US115NIM,USG15NIM,US100ROA,US13ROA,US31ROA,US115ROA,USG15ROA,US100ROE,US13ROE,US31ROE,US115ROE,USG15ROE,US100LLRTL,US13LLRTL,US31LLRTL,US115LLRTL,USG15LLRTL,US100NPTL,US13NPTL,US31NPTL,US115NPTL,USG15NPTL
1984-01-01,12147,1563,436,237,17,4.62,4.3,4.26,3.72,3.04,0.99,0.97,0.89,0.75,0.45,11.56,13.13,12.81,13.09,10.12,1.1,1.16,1.2,1.32,1.08,2.66,2.27,2.35,2.99,3.93
1984-04-01,12123,1558,445,240,17,4.7,4.43,4.44,3.84,3.06,1.0,0.99,0.89,0.74,0.19,11.63,13.4,12.81,12.91,4.27,1.1,1.14,1.19,1.28,1.15,2.55,2.13,2.18,2.73,4.17
1984-07-01,12127,1553,449,243,17,4.72,4.49,4.49,3.91,3.08,1.0,1.0,0.89,0.77,0.27,11.59,13.37,12.9,13.36,5.96,1.11,1.16,1.21,1.3,1.16,2.61,2.2,2.1,2.76,3.83
1984-10-01,12125,1559,447,243,17,4.69,4.46,4.5,3.97,3.18,0.8,0.89,0.91,0.76,0.32,9.27,12.02,13.09,13.06,6.93,1.19,1.2,1.19,1.31,1.23,2.6,2.16,2.03,2.6,3.78
1985-01-01,11972,1670,459,263,17,4.63,4.39,4.39,3.92,3.38,0.93,0.92,0.92,0.79,0.58,10.72,12.45,13.08,13.31,12.08,1.23,1.23,1.23,1.35,1.27,3.02,2.36,2.15,2.64,3.88
1985-04-01,11935,1679,464,263,17,4.72,4.48,4.51,4.01,3.38,0.91,0.95,0.9,0.86,0.46,10.47,12.79,12.83,14.5,9.61,1.24,1.25,1.28,1.38,1.42,2.98,2.37,2.1,2.54,3.94
1985-07-01,11897,1698,466,266,17,4.76,4.53,4.55,4.03,3.33,0.9,0.96,0.88,0.87,0.5,10.32,12.8,12.5,14.53,10.29,1.29,1.26,1.32,1.39,1.47,3.1,2.51,2.26,2.48,3.83
1985-10-01,11818,1705,471,269,17,4.76,4.55,4.59,4.06,3.35,0.67,0.85,0.81,0.87,0.48,7.77,11.32,11.5,14.44,9.87,1.39,1.32,1.41,1.4,1.52,3.0,2.37,2.23,2.2,3.36
1986-01-01,11694,1748,501,289,20,4.59,4.39,4.4,4.04,3.22,0.89,0.98,0.84,0.72,0.63,10.3,13.19,11.44,11.96,12.56,1.46,1.37,1.46,1.54,1.59,3.46,2.59,2.38,2.2,3.49
1986-04-01,11633,1741,500,289,19,4.57,4.38,4.42,4.05,3.23,0.76,0.91,0.81,0.78,0.43,8.84,12.17,11.06,12.89,8.67,1.48,1.38,1.49,1.55,1.73,3.38,2.64,2.5,2.21,3.67
1986-07-01,11602,1758,508,290,19,4.53,4.36,4.4,4.05,3.22,0.69,0.88,0.69,0.83,0.48,7.95,11.7,9.39,13.6,9.52,1.53,1.42,1.6,1.56,1.8,3.37,2.65,2.65,2.31,3.74
1986-10-01,11498,1751,509,294,18,4.5,4.37,4.41,3.99,3.23,0.49,0.74,0.58,0.82,0.5,5.66,9.96,8.38,13.24,9.85,1.59,1.48,1.62,1.55,1.85,3.06,2.48,2.45,2.17,3.55
1987-01-01,11266,1832,520,313,18,4.55,4.5,4.61,4.18,3.17,0.71,0.89,0.81,0.88,0.49,8.3,11.77,11.78,14.29,9.45,1.67,1.52,1.66,1.59,1.95,3.28,2.55,2.58,2.67,6.23
1987-04-01,11156,1819,518,311,18,4.6,4.57,4.69,4.17,3.05,0.65,0.81,0.58,0.33,-2.35,7.61,10.77,8.08,5.48,-48.27,1.64,1.53,1.75,2.06,4.52,3.07,2.45,2.54,2.7,6.01
1987-07-01,11064,1813,515,312,19,4.63,4.6,4.73,4.27,3.03,0.66,0.83,0.63,0.57,-1.33,7.6,10.96,8.82,9.28,-28.95,1.62,1.54,1.74,1.96,4.49,2.89,2.46,2.5,2.57,5.95
1987-10-01,10935,1787,501,316,19,4.65,4.64,4.73,4.34,3.09,0.53,0.76,0.55,0.48,-0.9,6.16,9.88,7.57,7.99,-20.19,1.64,1.53,1.83,2.05,4.72,2.61,2.21,2.33,2.47,5.89
1988-01-01,10719,1799,530,331,22,4.5,4.44,4.46,4.33,3.13,0.74,0.83,0.64,0.78,0.45,8.56,10.76,9.38,12.82,10.47,1.69,1.56,1.73,1.99,4.63,2.72,2.24,2.46,2.41,5.66
1988-04-01,10604,1783,528,333,22,4.55,4.57,4.52,4.32,3.13,0.73,0.86,0.67,0.76,0.55,8.37,11.08,9.71,12.58,12.83,1.66,1.5,1.65,1.88,4.54,2.52,2.06,2.26,2.25,5.49
1988-07-01,10448,1775,522,332,22,4.62,4.68,4.55,4.42,3.13,0.76,0.89,0.69,0.8,0.91,8.65,11.42,9.97,13.21,20.18,1.66,1.52,1.63,2.12,4.19,2.47,2.02,2.19,2.74,5.27
1988-10-01,10333,1780,522,331,23,4.66,4.72,4.6,4.47,3.43,0.67,0.81,0.71,0.79,0.97,7.56,10.37,10.28,12.95,21.12,1.66,1.48,1.61,1.82,4.04,2.32,2.38,1.97,2.06,4.94
1989-01-01,10091,1874,542,339,24,4.66,4.83,4.76,4.48,3.32,0.93,1.03,0.89,0.99,0.88,10.45,13.12,12.61,15.83,17.32,1.61,1.49,1.67,1.77,3.86,3.01,1.89,2.59,2.01,4.92
1989-04-01,10024,1887,535,346,23,4.75,4.87,4.74,4.37,3.33,0.89,1.02,0.9,0.9,0.92,9.93,12.85,12.75,14.3,18.28,1.66,1.49,1.66,1.76,3.6,2.27,1.92,2.58,2.3,4.96
1989-07-01,9906,1886,535,345,23,4.73,4.83,4.74,4.34,3.2,0.89,1.02,0.92,0.83,-0.07,9.85,12.8,12.82,13.09,-1.6,1.66,1.48,1.64,1.84,4.65,2.26,1.97,2.45,2.46,5.01
1989-10-01,9780,1886,542,348,22,4.71,4.81,4.71,4.33,3.23,0.8,0.94,0.82,0.61,0.01,8.8,11.8,11.49,9.66,0.14,1.68,1.49,1.64,2.08,4.31,2.11,1.91,2.3,2.57,4.61
1990-01-01,9529,1987,581,342,25,4.53,4.59,4.56,4.26,3.13,0.8,0.93,0.83,0.66,0.75,8.91,11.82,11.46,10.42,16.13,1.69,1.52,1.73,2.02,4.04,2.17,2.03,2.45,2.5,4.82
1990-04-01,9452,1978,577,340,28,4.57,4.63,4.62,4.27,3.12,0.83,0.96,0.83,0.57,0.67,9.13,11.96,11.21,8.9,13.98,1.65,1.5,1.73,2.12,3.43,2.03,1.97,2.32,2.79,4.66
1990-07-01,9363,1974,580,342,27,4.59,4.67,4.67,4.22,3.14,0.82,0.95,0.81,0.45,0.52,9.05,11.8,10.82,7.03,10.7,1.66,1.51,1.81,2.39,3.37,2.04,2.04,2.53,3.27,4.74
1990-10-01,9305,1965,588,334,27,4.59,4.66,4.73,4.28,3.16,0.7,0.85,0.72,0.28,0.42,7.7,10.52,9.7,4.43,8.64,1.68,1.59,1.87,2.61,3.47,1.97,1.99,2.45,3.65,5.16
1991-01-01,9099,2039,613,346,27,4.42,4.53,4.56,4.34,3.35,1.18,0.87,0.82,0.55,0.49,12.95,10.87,10.89,8.72,9.55,1.73,1.62,1.87,2.58,3.46,2.19,2.18,2.57,4.0,5.42
1991-04-01,9023,2033,609,342,27,4.5,4.59,4.58,4.36,3.35,0.98,0.86,0.78,0.48,0.51,10.79,10.6,10.29,7.42,9.71,1.72,1.66,1.87,2.7,3.26,2.12,2.16,2.59,4.07,5.43
1991-07-01,8944,2038,606,337,27,4.57,4.64,4.61,4.47,3.37,0.95,0.85,0.74,0.57,0.38,10.45,10.47,9.73,8.62,7.24,1.73,1.68,1.94,2.78,3.21,2.08,2.27,2.68,3.64,5.6
1991-10-01,8822,2021,606,336,27,4.61,4.66,4.63,4.51,3.41,0.78,0.81,0.74,0.57,0.29,8.56,9.98,9.63,8.5,5.43,1.74,1.71,1.94,2.83,3.3,1.89,2.09,2.41,3.4,5.45
1992-01-01,8620,2080,632,342,26,4.71,4.75,4.73,4.63,3.57,1.09,1.05,0.97,1.01,0.56,11.81,12.78,12.87,14.48,10.56,1.79,1.77,1.98,2.85,3.4,2.03,2.2,2.46,3.33,5.45
1992-04-01,8511,2072,632,341,25,4.78,4.8,4.84,4.69,3.71,1.11,1.1,0.98,1.03,0.68,12.02,13.26,12.89,14.46,12.49,1.77,1.75,2.01,2.9,3.29,1.86,2.02,2.32,3.16,5.31
1992-07-01,8416,2082,631,336,26,4.83,4.85,4.87,4.83,3.71,1.13,1.1,0.96,1.07,0.71,12.15,13.19,12.53,14.79,12.77,1.77,1.78,2.06,2.91,3.24,1.74,1.96,2.31,3.0,5.15
1992-10-01,8315,2081,607,336,27,4.85,4.9,4.94,4.88,3.8,1.05,1.06,0.96,1.06,0.76,11.29,12.61,12.37,14.43,13.12,1.78,1.81,2.06,2.84,3.2,1.51,1.73,2.01,2.61,4.75
1993-01-01,8154,2091,625,337,32,4.8,4.83,4.89,4.81,3.93,1.29,1.31,1.21,1.2,1.24,13.59,14.96,14.73,15.56,18.81,1.82,1.84,2.09,2.85,3.17,1.58,1.74,1.92,2.44,4.31
1993-04-01,8061,2071,621,330,32,4.83,4.86,4.97,4.84,3.87,1.27,1.24,1.18,1.27,1.13,13.23,14.05,14.29,16.19,16.93,1.77,1.84,2.07,2.72,3.08,1.48,1.7,1.84,2.2,3.78
1993-07-01,7947,2074,619,324,32,4.84,4.87,4.92,4.87,3.86,1.25,1.26,1.16,1.33,1.16,12.93,14.28,13.86,16.86,17.19,1.74,1.78,2.04,2.66,3.03,1.42,1.62,1.79,2.09,3.3
1993-10-01,7866,2051,611,324,31,4.82,4.83,4.92,4.87,3.81,1.17,1.2,1.14,1.35,1.13,12.08,13.54,13.65,16.98,16.73,1.71,1.75,1.95,2.53,2.89,1.26,1.43,1.57,1.74,2.7
1994-01-01,7637,2133,624,341,32,5.64,5.66,5.58,5.35,3.98,1.16,1.15,1.21,1.4,0.96,11.79,12.62,14.27,17.11,14.37,1.75,1.74,1.95,2.49,2.86,1.29,1.4,1.48,1.63,2.45
1994-04-01,7548,2104,625,336,33,5.19,5.25,5.2,5.07,3.7,1.16,1.2,1.21,1.39,0.98,11.83,13.12,14.15,17.09,14.52,1.69,1.7,1.87,2.41,2.75,1.19,1.29,1.32,1.44,2.03
1994-07-01,7437,2094,620,336,34,5.1,5.15,5.13,5.03,3.6,1.18,1.21,1.25,1.42,0.98,12.01,13.23,14.71,17.42,14.5,1.66,1.69,1.81,2.32,2.7,1.12,1.23,1.25,1.33,1.77
1994-10-01,7322,2075,617,332,35,5.06,5.11,5.16,5.0,3.6,1.13,1.18,1.25,1.4,0.97,11.52,12.91,14.6,17.25,14.23,1.63,1.63,1.78,2.2,2.59,1.03,1.09,1.07,1.15,1.61
1995-01-01,7103,2073,613,349,37,4.86,4.86,4.89,4.69,3.4,1.18,1.22,1.25,1.36,0.84,11.65,13.19,14.2,16.84,12.53,1.66,1.62,1.78,2.13,2.53,1.1,1.11,1.05,1.13,1.66
1995-04-01,7031,2066,622,346,38,4.85,4.85,4.9,4.76,3.38,1.18,1.22,1.27,1.37,0.91,11.64,13.0,14.3,16.77,13.5,1.61,1.58,1.74,2.08,2.45,1.08,1.09,1.02,1.1,1.53
1995-07-01,6910,2063,623,352,37,4.84,4.87,4.92,4.76,3.42,1.23,1.27,1.27,1.4,1.03,12.05,13.38,14.22,16.94,15.12,1.59,1.56,1.69,2.09,2.32,1.07,1.1,1.06,1.11,1.42
1995-10-01,6813,2059,616,350,37,4.86,4.88,4.94,4.81,3.43,1.19,1.25,1.28,1.39,1.02,11.56,13.17,14.26,16.66,14.94,1.57,1.55,1.69,2.08,2.24,1.01,1.04,0.99,1.1,1.31
1996-01-01,6577,2137,647,373,39,4.68,4.76,4.81,4.73,3.41,1.22,1.28,1.35,1.35,0.86,11.7,13.11,15.0,15.77,12.27,1.58,1.56,1.67,2.11,2.15,1.14,1.1,1.01,1.14,1.26
1996-04-01,6497,2115,625,348,38,4.73,4.77,4.8,4.78,3.61,1.23,1.29,1.33,1.36,1.06,11.89,13.2,14.69,15.95,15.36,1.54,1.53,1.67,2.09,2.13,1.13,1.07,1.0,1.12,1.14
1996-07-01,6411,2111,621,341,38,4.77,4.83,4.81,4.81,3.82,1.24,1.32,1.29,1.35,1.13,11.98,13.57,14.15,15.82,16.12,1.51,1.49,1.67,2.02,2.1,1.1,1.06,1.02,1.14,1.09
1996-10-01,6349,2111,629,336,40,4.8,4.84,4.83,4.86,3.8,1.18,1.29,1.29,1.42,1.12,11.33,13.26,14.23,16.7,15.67,1.5,1.48,1.69,1.98,2.0,1.03,0.96,0.96,1.14,0.98
1997-01-01,6146,2184,667,352,42,4.7,4.79,4.74,4.72,3.5,1.21,1.31,1.32,1.39,1.19,11.47,13.37,14.31,15.84,16.09,1.5,1.48,1.63,2.07,2.0,1.11,0.98,0.96,1.12,1.01
1997-04-01,6102,2142,646,317,42,4.77,4.84,4.81,4.87,3.9,1.25,1.33,1.37,1.36,1.27,11.75,13.42,14.93,15.39,17.49,1.46,1.46,1.59,2.17,1.91,1.07,0.95,0.92,1.12,0.93
1997-07-01,6058,2114,638,303,42,4.78,4.87,4.88,4.94,3.88,1.26,1.37,1.42,1.39,1.24,11.82,13.8,15.5,15.76,16.74,1.44,1.45,1.59,2.19,1.89,1.03,0.95,0.89,1.13,0.91
1997-10-01,5997,2117,630,294,44,4.82,4.9,4.88,5.01,3.83,1.2,1.33,1.4,1.48,1.22,11.19,13.42,15.2,16.49,16.39,1.44,1.43,1.67,2.07,1.84,0.96,0.88,0.85,1.09,0.92
1998-01-01,5765,2171,675,303,48,4.65,4.72,4.62,4.68,3.45,1.19,1.38,1.37,1.71,1.07,10.98,13.95,14.6,18.43,14.38,1.46,1.43,1.55,2.1,1.82,1.05,0.93,0.85,1.0,0.97
1998-04-01,5711,2189,667,310,47,4.68,4.76,4.64,4.73,3.56,1.2,1.35,1.38,1.58,1.14,11.09,13.74,14.72,16.75,15.11,1.43,1.42,1.55,2.12,1.81,1.06,0.91,0.84,0.98,0.92
1998-07-01,5650,2177,667,309,48,4.68,4.78,4.7,4.87,3.51,1.22,1.34,1.4,1.64,1.06,11.16,13.59,14.9,17.2,13.87,1.44,1.42,1.58,2.15,1.79,1.06,0.91,0.83,1.09,0.87
1998-10-01,5570,2149,647,299,50,4.66,4.76,4.72,5.07,3.58,1.13,1.3,1.42,1.67,1.06,10.31,13.16,15.06,17.59,13.84,1.44,1.42,1.53,2.05,1.74,1.01,0.88,0.77,1.1,0.93
1999-01-01,5368,2241,675,325,55,4.42,4.62,4.46,4.68,3.49,1.09,1.26,1.34,1.79,1.2,9.95,12.89,14.2,18.84,15.12,1.46,1.43,1.61,2.07,1.74,1.09,0.9,0.82,1.11,0.96
1999-04-01,5326,2241,673,325,55,4.47,4.63,4.55,4.73,3.51,1.07,1.24,1.38,1.81,1.13,9.83,12.75,14.93,19.1,14.25,1.43,1.42,1.52,2.05,1.7,1.05,0.88,0.74,1.04,0.92
1999-07-01,5309,2212,669,322,54,4.51,4.68,4.58,4.77,3.77,1.09,1.24,1.38,1.82,1.27,10.06,12.79,14.97,19.77,16.08,1.41,1.45,1.52,2.01,1.71,0.98,0.89,0.77,1.06,0.98
1999-10-01,5285,2186,682,316,53,4.53,4.7,4.6,4.73,3.76,1.03,1.2,1.45,1.7,1.28,9.59,12.46,15.86,18.66,16.2,1.4,1.42,1.47,1.96,1.64,0.86,0.81,0.69,1.0,0.97
2000-01-01,5121,2259,713,311,54,4.58,4.62,4.64,4.61,3.53,1.1,1.3,1.39,1.5,1.33,10.3,13.83,15.16,16.85,17.08,1.42,1.37,1.47,1.96,1.64,0.95,0.83,0.73,0.97,1.01
2000-04-01,5079,2260,717,303,57,4.62,4.64,4.62,4.6,3.51,1.15,1.28,1.41,1.35,1.08,10.64,13.67,15.38,15.38,13.74,1.39,1.34,1.46,1.9,1.67,0.92,0.8,0.73,0.97,1.04
2000-07-01,5005,2241,712,301,55,4.62,4.66,4.61,4.61,3.54,1.13,1.24,1.4,1.44,1.14,10.42,13.24,15.31,16.42,14.37,1.38,1.34,1.45,1.88,1.65,0.91,0.83,0.76,1.01,1.09
2000-10-01,4968,2229,699,303,56,4.58,4.65,4.62,4.62,3.54,1.04,1.22,1.36,1.42,1.15,9.59,12.81,14.67,16.08,14.37,1.38,1.34,1.46,1.94,1.66,0.89,0.82,0.77,1.07,1.22
2001-01-01,4779,2276,747,317,58,4.36,4.37,4.35,4.32,3.46,1.0,1.23,1.28,1.42,1.26,8.97,12.48,13.4,15.25,15.58,1.4,1.34,1.43,1.82,1.72,0.99,0.88,0.81,1.01,1.34
2001-04-01,4734,2255,751,316,60,4.34,4.38,4.41,4.3,3.5,0.96,1.19,1.3,1.35,1.23,8.61,12.01,13.59,14.26,15.09,1.39,1.34,1.43,1.86,1.73,1.06,0.92,0.86,1.03,1.41
2001-07-01,4700,2260,756,315,59,4.35,4.42,4.44,4.35,3.53,0.96,1.18,1.28,1.3,1.17,8.67,11.94,13.46,13.56,14.37,1.39,1.35,1.44,1.85,1.83,1.09,0.98,0.93,1.09,1.5
2001-10-01,4644,2253,755,311,60,4.36,4.43,4.47,4.4,3.81,0.89,1.13,1.24,1.31,1.2,8.05,11.43,13.02,13.76,14.47,1.41,1.37,1.46,1.79,1.98,1.05,0.95,0.9,1.07,1.61
2002-01-01,4438,2307,829,313,62,4.33,4.42,4.42,4.23,3.96,1.01,1.13,1.27,1.44,1.34,9.27,11.57,13.12,14.53,15.34,1.44,1.41,1.46,1.77,2.08,1.15,1.0,0.97,1.07,1.68
2002-04-01,4410,2302,825,314,60,4.4,4.48,4.47,4.17,3.99,1.04,1.18,1.29,1.44,1.42,9.56,12.04,13.37,14.59,16.37,1.43,1.4,1.46,1.79,2.04,1.14,0.99,0.94,1.07,1.7
2002-07-01,4368,2312,824,311,61,4.44,4.5,4.48,4.13,3.95,1.07,1.23,1.29,1.46,1.41,9.75,12.49,13.26,15.08,15.97,1.43,1.39,1.46,1.7,2.03,1.15,0.99,1.01,1.07,1.73
2002-10-01,4320,2299,841,311,62,4.43,4.5,4.46,4.19,3.9,1.01,1.22,1.25,1.47,1.36,9.19,12.3,12.85,14.92,15.35,1.43,1.4,1.48,1.64,2.02,1.09,0.97,0.92,1.04,1.68
2003-01-01,4139,2380,897,333,62,4.24,4.28,4.2,3.9,3.63,1.03,1.23,1.32,1.36,1.46,9.15,12.28,13.53,13.69,16.41,1.48,1.42,1.48,1.74,1.98,1.24,1.01,0.98,1.07,1.58
2003-04-01,4097,2373,913,335,61,4.26,4.27,4.2,3.91,3.6,1.05,1.19,1.32,1.44,1.43,9.37,11.78,13.5,14.41,16.26,1.47,1.41,1.5,1.7,1.92,1.23,1.02,0.95,1.03,1.47
2003-07-01,4060,2373,918,343,61,4.26,4.28,4.17,3.92,3.55,1.02,1.21,1.28,1.41,1.43,9.15,12.05,13.3,13.96,16.29,1.47,1.41,1.51,1.69,1.85,1.18,0.99,0.94,1.0,1.37
2003-10-01,4027,2371,927,330,58,4.26,4.28,4.21,3.94,3.59,0.95,1.18,1.26,1.46,1.45,8.54,11.74,13.08,14.63,16.52,1.46,1.39,1.44,1.7,1.84,1.08,0.91,0.87,0.96,1.33
2004-01-01,3873,2423,961,338,61,4.22,4.24,4.17,3.92,3.54,1.01,1.2,1.31,1.43,1.45,8.88,11.88,13.33,14.17,16.66,1.48,1.38,1.42,1.6,1.78,1.11,0.88,0.83,0.88,1.18
2004-04-01,3848,2416,972,341,61,4.23,4.24,4.15,3.85,3.43,1.01,1.21,1.29,1.44,1.36,8.95,12.09,13.19,14.42,15.55,1.46,1.35,1.4,1.56,1.69,1.06,0.83,0.75,0.81,1.03
2004-07-01,3817,2388,982,347,61,4.26,4.28,4.21,3.86,3.27,1.03,1.23,1.31,1.43,1.29,9.06,12.36,13.47,14.35,14.42,1.43,1.34,1.38,1.55,1.62,1.01,0.8,0.75,0.78,0.97
2004-10-01,3792,2386,983,348,58,4.29,4.31,4.23,3.86,3.5,0.97,1.22,1.29,1.42,1.34,8.57,12.12,13.37,14.19,14.73,1.41,1.32,1.36,1.5,1.54,0.89,0.74,0.66,0.71,0.93
2005-01-01,3621,2451,1035,369,59,4.27,4.26,4.17,3.79,3.35,1.01,1.22,1.35,1.4,1.37,8.87,12.13,13.82,14.19,13.82,1.44,1.31,1.3,1.39,1.47,0.95,0.73,0.63,0.65,0.85
2005-04-01,3602,2425,1035,367,56,4.31,4.32,4.23,3.81,3.41,1.02,1.25,1.37,1.42,1.34,8.83,12.4,13.87,14.31,14.11,1.41,1.29,1.3,1.32,1.41,0.9,0.7,0.65,0.61,0.83
2005-07-01,3587,2409,1049,374,56,4.32,4.34,4.28,3.83,3.36,1.02,1.27,1.39,1.41,1.34,8.71,12.54,14.1,14.07,13.78,1.39,1.28,1.29,1.32,1.37,0.89,0.72,0.62,0.63,0.8
2005-10-01,3581,2390,1055,376,57,4.34,4.35,4.32,3.83,3.32,0.94,1.24,1.37,1.35,1.3,7.99,12.29,13.89,13.71,13.3,1.39,1.27,1.28,1.24,1.28,0.85,0.68,0.6,0.59,0.81
2006-01-01,3435,2412,1118,398,59,4.3,4.31,4.28,3.85,3.21,0.95,1.21,1.36,1.25,1.39,8.03,11.88,13.78,12.72,13.88,1.4,1.27,1.27,1.24,1.26,0.9,0.7,0.59,0.56,0.76
2006-04-01,3425,2415,1112,399,59,4.34,4.33,4.29,3.84,3.2,0.97,1.23,1.37,1.32,1.38,8.09,12.11,13.84,13.28,13.75,1.37,1.25,1.24,1.22,1.22,0.89,0.7,0.57,0.57,0.74
2006-07-01,3424,2385,1119,397,56,4.35,4.33,4.29,3.95,3.19,0.95,1.24,1.38,1.37,1.36,7.84,12.18,13.98,13.55,13.63,1.36,1.25,1.24,1.24,1.19,0.91,0.75,0.64,0.57,0.78
2006-10-01,3387,2377,1124,394,53,4.34,4.33,4.26,3.83,3.25,0.87,1.2,1.34,1.28,1.37,7.06,11.67,13.59,12.96,13.79,1.35,1.25,1.22,1.19,1.13,0.9,0.76,0.69,0.59,0.83
2007-01-01,3241,2415,1187,417,54,4.2,4.15,4.05,3.77,3.11,0.8,1.1,1.22,1.22,1.26,6.24,10.39,12.15,11.8,12.43,1.37,1.26,1.23,1.18,1.14,1.0,0.86,0.74,0.66,0.85
2007-04-01,3233,2397,1178,418,55,4.23,4.17,4.08,3.77,3.11,0.81,1.11,1.24,1.2,1.25,6.27,10.45,12.33,11.53,12.51,1.35,1.24,1.23,1.18,1.16,1.02,0.93,0.88,0.75,0.88
2007-07-01,3220,2384,1174,408,53,4.25,4.18,4.08,3.84,3.18,0.79,1.11,1.22,1.22,1.17,6.09,10.49,12.15,11.44,12.02,1.34,1.24,1.24,1.2,1.19,1.07,1.05,1.09,0.89,1.04
2007-10-01,3200,2383,1172,411,53,4.24,4.16,4.08,3.8,3.14,0.68,1.0,1.11,1.07,0.9,5.25,9.44,11.0,9.94,9.22,1.32,1.27,1.27,1.3,1.37,1.12,1.22,1.32,1.24,1.38
2008-01-01,3024,2453,1219,425,54,4.04,3.92,3.85,3.81,3.12,0.59,0.86,0.93,0.76,0.64,4.43,7.95,9.2,7.04,6.47,1.35,1.28,1.3,1.42,1.62,1.38,1.51,1.68,1.67,1.64
2008-04-01,2970,2485,1210,418,54,4.01,3.9,3.85,3.77,3.15,0.53,0.74,0.75,0.5,0.5,4.0,6.91,7.53,4.64,5.03,1.35,1.32,1.37,1.53,1.9,1.47,1.7,1.92,2.04,1.95
2008-07-01,2952,2452,1204,417,55,4.03,3.93,3.85,3.85,3.13,0.46,0.64,0.46,0.36,0.45,3.53,6.0,4.63,3.44,4.55,1.37,1.32,1.42,1.59,2.16,1.63,1.9,2.22,2.3,2.34
2008-10-01,2907,2436,1207,416,56,4.02,3.91,3.83,3.8,2.95,0.25,0.42,0.22,-0.17,0.19,1.93,3.96,2.24,-1.74,2.0,1.44,1.44,1.56,1.89,2.5,1.86,2.24,2.62,2.99,3.06
2009-01-01,2734,2493,1244,452,55,3.88,3.71,3.61,3.46,3.18,0.31,0.34,0.28,-0.43,0.31,2.5,3.33,2.91,-4.25,3.29,1.5,1.52,1.63,2.11,2.92,2.2,2.64,3.07,3.75,3.91
2009-04-01,2702,2496,1236,448,56,3.91,3.75,3.63,3.46,3.24,0.15,0.14,0.06,-0.68,0.16,1.2,1.34,0.59,-6.69,1.65,1.54,1.59,1.74,2.28,3.27,2.27,2.91,3.46,4.34,4.61
2009-07-01,2643,2490,1227,440,55,3.95,3.79,3.68,3.49,3.29,0.17,0.16,0.03,-0.63,0.18,1.41,1.59,0.29,-6.08,1.8,1.59,1.65,1.87,2.37,3.53,2.35,3.11,3.88,4.53,5.44
2009-10-01,2596,2471,1225,439,54,3.97,3.81,3.71,3.54,3.42,0.06,0.03,-0.16,-0.61,-0.02,0.46,0.27,-1.81,-5.85,-0.32,1.65,1.75,2.01,2.5,3.71,2.32,3.18,3.95,4.74,6.2
2010-01-01,2471,2500,1242,452,54,3.97,3.88,3.75,3.73,3.85,0.4,0.4,0.37,0.07,0.57,3.43,3.94,3.86,0.65,5.55,1.72,1.81,2.02,2.64,4.19,2.63,3.33,4.05,4.81,6.13
2010-04-01,2445,2473,1220,431,54,4.0,3.92,3.81,3.84,3.74,0.48,0.36,0.37,0.15,0.65,4.12,3.45,3.78,1.43,6.13,1.7,1.85,2.01,2.55,4.05,2.57,3.29,3.94,4.42,5.82
2010-07-01,2415,2464,1206,431,54,4.03,3.95,3.83,3.87,3.69,0.5,0.38,0.42,0.26,0.7,4.28,3.63,4.31,2.38,6.5,1.76,1.89,2.01,2.47,3.89,2.52,3.24,3.98,4.45,5.64
2010-10-01,2371,2441,1182,429,55,4.02,3.95,3.84,3.89,3.64,0.39,0.3,0.28,0.19,0.73,3.32,2.86,2.81,1.77,6.7,1.75,1.92,2.08,2.42,3.69,2.42,3.23,3.98,4.17,5.35
2011-01-01,2273,2459,1173,437,60,3.92,3.9,3.79,3.89,3.48,0.63,0.55,0.53,0.67,0.94,5.64,5.38,5.34,5.96,8.34,1.85,1.99,2.13,2.44,3.48,2.58,3.28,3.87,4.22,5.12
2011-04-01,2255,2443,1164,437,60,3.96,3.96,3.85,3.92,3.44,0.62,0.56,0.55,0.74,0.9,5.48,5.47,5.46,6.47,8.01,1.83,1.97,2.09,2.3,3.24,2.48,3.12,3.82,3.92,4.74
2011-07-01,2222,2422,1158,438,57,4.01,4.0,3.89,3.94,3.44,0.66,0.62,0.59,0.81,0.98,5.8,5.91,5.79,7.01,8.83,1.81,1.96,2.06,2.22,3.05,2.37,3.03,3.58,3.83,4.65
2011-10-01,2184,2399,1164,434,57,4.02,4.01,3.91,3.96,3.42,0.59,0.6,0.56,0.76,0.93,5.18,5.67,5.47,6.56,8.38,1.81,1.92,2.0,2.16,2.86,2.26,2.82,3.34,3.62,4.58
2012-01-01,2103,2411,1191,443,60,3.9,3.91,3.83,3.94,3.33,0.8,0.83,0.89,0.99,1.0,7.02,7.75,8.59,8.53,8.97,1.87,1.94,2.0,2.11,2.74,2.4,2.83,3.17,3.52,4.49
2012-04-01,2084,2385,1193,441,61,3.9,3.91,3.85,3.92,3.28,0.76,0.82,0.88,1.23,0.96,6.67,7.68,8.48,10.45,8.52,1.82,1.9,1.95,2.04,2.59,2.22,2.59,2.93,3.18,4.29
2012-07-01,2051,2371,1183,444,61,3.91,3.92,3.85,3.91,3.26,0.8,0.86,0.9,1.16,1.0,6.9,7.99,8.53,9.79,8.84,1.8,1.87,1.89,1.95,2.4,2.16,2.5,2.73,3.0,4.31
2012-10-01,2006,2350,1176,443,61,3.91,3.9,3.84,3.88,3.24,0.75,0.85,0.85,1.11,0.99,6.47,7.78,8.08,9.4,8.8,1.77,1.81,1.82,1.86,2.27,2.04,2.31,2.46,2.68,4.0
2013-01-01,1917,2334,1215,457,61,3.67,3.71,3.7,3.79,3.06,0.74,0.87,0.9,1.01,1.17,6.43,8.09,8.37,8.63,10.29,1.84,1.84,1.83,1.84,2.16,2.13,2.27,2.38,2.58,3.77
2013-04-01,1888,2313,1205,449,62,3.71,3.74,3.72,3.84,3.05,0.79,0.89,0.96,1.06,1.11,6.91,8.29,9.0,9.07,9.86,1.76,1.78,1.76,1.75,2.04,1.92,2.08,2.12,2.27,3.44
2013-07-01,1868,2291,1205,448,62,3.74,3.77,3.75,3.91,3.04,0.8,0.91,0.96,1.09,1.06,7.03,8.47,9.1,9.41,9.45,1.73,1.75,1.72,1.69,1.91,1.85,1.94,1.97,2.08,3.14
2013-10-01,1841,2266,1199,446,63,3.76,3.79,3.79,3.91,3.05,0.83,0.88,0.95,1.08,1.07,7.31,8.27,9.01,9.34,9.56,1.67,1.67,1.64,1.6,1.79,1.67,1.73,1.79,1.88,2.92
2014-01-01,1767,2231,1217,460,68,3.7,3.74,3.75,3.82,2.94,0.73,0.91,0.93,1.0,0.99,6.53,8.56,8.93,8.66,8.87,1.7,1.67,1.64,1.57,1.72,1.7,1.69,1.7,1.79,2.72
2014-04-01,1747,2206,1224,448,69,3.74,3.77,3.78,3.85,2.93,0.82,0.96,0.99,1.0,1.03,7.25,8.93,9.36,8.64,9.17,1.65,1.62,1.59,1.48,1.62,1.57,1.58,1.61,1.59,2.46
2014-07-01,1710,2182,1223,453,69,3.77,3.8,3.81,3.87,2.92,0.84,0.98,1.02,1.02,1.01,7.37,9.11,9.59,8.78,8.98,1.61,1.58,1.55,1.4,1.58,1.53,1.5,1.51,1.46,2.32
2014-10-01,1686,2154,1204,461,68,3.78,3.82,3.84,3.87,2.94,0.81,0.98,1.03,1.06,0.99,7.02,9.05,9.7,9.05,8.83,1.57,1.51,1.47,1.34,1.51,1.42,1.34,1.3,1.32,2.16
2015-01-01,1607,2116,1228,476,75,3.68,3.74,3.72,3.76,2.78,0.83,0.99,1.04,1.04,0.99,7.05,8.9,9.52,8.89,8.97,1.59,1.52,1.47,1.35,1.46,1.47,1.32,1.26,1.29,1.98
2015-04-01,1578,2097,1221,470,75,3.72,3.77,3.75,3.76,2.8,0.87,1.01,1.07,1.12,1.03,7.39,9.14,9.84,9.52,9.26,1.54,1.49,1.43,1.31,1.41,1.39,1.25,1.17,1.18,1.83
2015-07-01,1557,2068,1216,466,74,3.77,3.81,3.78,3.81,2.81,0.9,1.03,1.01,1.14,1.02,7.55,9.24,9.27,9.68,9.17,1.52,1.47,1.41,1.29,1.38,1.29,1.18,1.12,1.11,1.74
2015-10-01,1523,2038,1213,461,74,3.79,3.81,3.78,3.82,2.85,0.85,1.02,1.08,1.15,1.02,7.11,9.2,9.86,9.81,9.11,1.5,1.43,1.37,1.26,1.35,1.28,1.1,1.05,1.08,1.68
2016-01-01,1469,2013,1204,498,76,3.78,3.79,3.79,3.78,2.86,0.9,1.03,1.04,1.07,0.92,7.41,9.17,9.52,9.19,8.12,1.51,1.44,1.38,1.24,1.36,1.29,1.15,1.06,1.1,1.71
2016-04-01,1448,1982,1206,497,77,3.79,3.81,3.8,3.78,2.84,0.91,1.05,1.08,1.08,0.97,7.48,9.34,9.82,9.24,8.6,1.48,1.42,1.36,1.21,1.34,1.25,1.13,1.0,1.05,1.61
2016-07-01,1408,1961,1199,497,76,3.81,3.83,3.81,3.78,2.87,0.94,1.07,1.1,1.1,1.0,7.6,9.45,9.98,9.34,8.9,1.46,1.4,1.34,1.18,1.33,1.26,1.12,0.99,0.98,1.55
2016-10-01,1377,1938,1192,501,75,3.81,3.84,3.81,3.81,2.89,0.87,1.05,1.09,1.05,1.01,7.09,9.26,9.91,8.94,9.01,1.46,1.39,1.32,1.19,1.31,1.16,1.06,0.94,1.01,1.51
2017-01-01,1324,1903,1209,520,77,3.74,3.78,3.77,3.74,2.96,0.86,1.05,1.05,1.09,1.01,7.1,9.43,9.77,9.4,9.08,1.5,1.39,1.33,1.18,1.3,1.26,1.07,0.95,0.98,1.41
2017-04-01,1298,1891,1197,519,77,3.78,3.83,3.81,3.77,2.98,0.9,1.07,1.1,1.18,1.06,7.35,9.61,10.13,10.09,9.44,1.46,1.37,1.31,1.11,1.28,1.24,1.03,0.92,0.87,1.29
2017-07-01,1284,1871,1197,512,78,3.82,3.88,3.85,3.77,3.01,0.93,1.11,1.13,1.17,1.07,7.54,9.85,10.36,9.9,9.5,1.45,1.36,1.3,1.11,1.29,1.26,1.02,0.89,0.85,1.25
2017-10-01,1269,1849,1184,506,81,3.84,3.9,3.85,3.81,3.03,0.85,1.04,1.07,1.03,0.93,6.89,9.2,9.8,8.74,8.25,1.42,1.33,1.27,1.1,1.26,1.16,0.94,0.82,0.83,1.26
2018-01-01,1230,1821,1193,523,85,3.85,3.89,3.86,3.87,3.1,0.91,1.15,1.19,1.29,1.27,7.34,10.3,10.95,10.88,11.26,1.45,1.35,1.29,1.1,1.25,1.21,1.0,0.84,0.83,1.18
2018-04-01,1218,1791,1182,529,86,3.88,3.93,3.91,3.89,3.18,0.99,1.2,1.24,1.31,1.35,8.0,10.67,11.4,11.08,12.03,1.43,1.34,1.28,1.08,1.24,1.21,0.98,0.8,0.8,1.08
2018-07-01,1190,1776,1169,525,86,3.91,3.97,3.94,3.91,3.2,1.02,1.24,1.25,1.36,1.37,8.19,11.05,11.45,11.36,12.22,1.43,1.34,1.27,1.06,1.23,1.21,0.95,0.8,0.79,1.02
2018-10-01,1165,1748,1161,526,87,3.94,3.99,3.98,3.92,3.23,0.98,1.18,1.29,1.35,1.36,7.83,10.49,11.71,11.28,12.12,1.41,1.32,1.27,1.04,1.22,1.16,0.89,0.76,0.77,0.99
2019-01-01,1121,1710,1189,540,92,3.91,3.95,3.92,3.9,3.25,0.99,1.16,1.24,1.3,1.37,7.57,9.98,11.11,10.7,12.1,1.44,1.34,1.27,1.04,1.23,1.23,0.98,0.78,0.76,0.99
